-- ============================================
-- D2C Unit Economics SQL Project
-- File: 02_insert_sample_data.sql
-- Description: Insert sample data
-- ============================================

USE d2c_unit_economics;

INSERT INTO brands VALUES
(1, 'Pilgrim', 'Skincare', 2019, 'D2C'),
(2, 'Sleepy Owl', 'Beverage', 2018, 'D2C'),
(3, 'WishCare', 'Wellness', 2020, 'D2C'),
(4, 'Urban Platter', 'Food', 2015, 'omnichannel'),
(5, 'Carbamide Forte', 'Supplements', 2017, 'marketplace');

INSERT INTO marketing_spend (brand_id, channel, spend_month, amount_spent, new_customers_acquired) VALUES
(1, 'instagram', '2025-01-01', 850000, 1200),
(1, 'google', '2025-01-01', 420000, 600),
(1, 'instagram', '2025-02-01', 920000, 1350),
(1, 'google', '2025-02-01', 480000, 650),
(1, 'instagram', '2025-03-01', 1000000, 1500),
(2, 'instagram', '2025-01-01', 500000, 800),
(2, 'google', '2025-01-01', 300000, 400),
(2, 'instagram', '2025-02-01', 550000, 900),
(3, 'instagram', '2025-01-01', 400000, 700),
(3, 'referral', '2025-01-01', 150000, 350),
(4, 'google', '2025-01-01', 600000, 500),
(4, 'offline', '2025-01-01', 800000, 300),
(5, 'amazon_ads', '2025-01-01', 700000, 1100),
(5, 'amazon_ads', '2025-02-01', 750000, 1200);

INSERT INTO customers (brand_id, acquisition_channel, acquisition_date, city, age_group) VALUES
(1,'instagram','2025-01-05','Mumbai','26-35'),
(1,'google','2025-01-10','Delhi','26-35'),
(1,'instagram','2025-01-15','Bangalore','18-25'),
(1,'referral','2025-01-20','Pune','36-45'),
(1,'instagram','2025-02-02','Chennai','26-35'),
(2,'instagram','2025-01-07','Mumbai','26-35'),
(2,'google','2025-01-12','Delhi','36-45'),
(2,'referral','2025-01-18','Hyderabad','26-35'),
(3,'instagram','2025-01-08','Bangalore','26-35'),
(3,'referral','2025-01-22','Mumbai','36-45'),
(4,'google','2025-01-09','Delhi','36-45'),
(4,'offline','2025-01-14','Kolkata','45+'),
(5,'amazon_ads','2025-01-06','Mumbai','26-35'),
(5,'amazon_ads','2025-01-11','Delhi','18-25');

INSERT INTO orders (customer_id, brand_id, order_date, order_number, gross_revenue, discount_amount, net_revenue) VALUES
(1, 1, '2025-01-05', 1, 899, 100, 799),
(1, 1, '2025-02-10', 2, 1299, 0, 1299),
(1, 1, '2025-03-15', 3, 799, 50, 749),
(2, 1, '2025-01-10', 1, 1199, 200, 999),
(2, 1, '2025-03-20', 2, 899, 0, 899),
(3, 1, '2025-01-15', 1, 699, 0, 699),
(4, 1, '2025-01-20', 1, 1499, 100, 1399),
(4, 1, '2025-02-25', 2, 999, 0, 999),
(5, 1, '2025-02-02', 1, 899, 0, 899),
(6, 2, '2025-01-07', 1, 799, 0, 799),
(6, 2, '2025-02-14', 2, 1299, 100, 1199),
(7, 2, '2025-01-12', 1, 599, 0, 599),
(8, 2, '2025-01-18', 1, 999, 50, 949),
(8, 2, '2025-03-01', 2, 799, 0, 799),
(9, 3, '2025-01-08', 1, 649, 0, 649),
(9, 3, '2025-02-20', 2, 1099, 100, 999),
(10, 3, '2025-01-22', 1, 849, 0, 849),
(11, 4, '2025-01-09', 1, 1299, 0, 1299),
(12, 4, '2025-01-14', 1, 2499, 200, 2299),
(13, 5, '2025-01-06', 1, 599, 0, 599),
(13, 5, '2025-02-06', 2, 799, 50, 749),
(14, 5, '2025-01-11', 1, 499, 0, 499);

INSERT INTO product_costs (brand_id, cost_month, avg_cogs_per_order, avg_shipping_per_order, avg_payment_gateway, avg_returns_cost) VALUES
(1, '2025-01-01', 280, 80, 20, 30),
(1, '2025-02-01', 275, 82, 20, 28),
(1, '2025-03-01', 270, 85, 20, 25),
(2, '2025-01-01', 200, 70, 15, 20),
(2, '2025-02-01', 195, 72, 15, 18),
(3, '2025-01-01', 220, 75, 15, 25),
(3, '2025-02-01', 215, 75, 15, 22),
(4, '2025-01-01', 600, 120, 30, 50),
(5, '2025-01-01', 180, 60, 12, 15),
(5, '2025-02-01', 178, 62, 12, 14);
